1,Customer 0001,North America,SMB,2024-10-16
2,Customer 0002,North America,SMB,2023-09-08
3,Customer 0003,APAC,Mid-Market,2024-11-23
4,Customer 0004,EMEA,Enterprise,2024-08-27
5,Customer 0005,North America,SMB,2023-08-12
6,Customer 0006,North America,SMB,2024-07-28
7,Customer 0007,EMEA,Mid-Market,2024-07-12
8,Customer 0008,APAC,Enterprise,2023-10-12
9,Customer 0009,APAC,Mid-Market,2023-06-13
10,Customer 0010,North America,SMB,2023-06-09
11,Customer 0011,North America,Enterprise,2023-04-15
12,Customer 0012,EMEA,SMB,2023-12-19
13,Customer 0013,EMEA,SMB,2024-04-15
14,Customer 0014,North America,Mid-Market,2024-01-23
15,Customer 0015,EMEA,SMB,2024-10-05
16,Customer 0016,North America,Enterprise,2024-08-14
17,Customer 0017,North America,Mid-Market,2024-11-08
18,Customer 0018,APAC,SMB,2023-03-23
19,Customer 0019,North America,SMB,2024-01-25
20,Customer 0020,North America,Mid-Market,2024-01-09
21,Customer 0021,North America,SMB,2024-11-17
22,Customer 0022,North America,SMB,2024-10-25
23,Customer 0023,APAC,Enterprise,2024-06-30
24,Customer 0024,North America,SMB,2024-01-24
25,Customer 0025,North America,Mid-Market,2024-07-24
26,Customer 0026,North America,Enterprise,2023-02-27
27,Customer 0027,EMEA,Enterprise,2023-11-20
28,Customer 0028,APAC,Mid-Market,2024-08-03
29,Customer 0029,EMEA,SMB,2024-11-02
30,Customer 0030,EMEA,Mid-Market,2024-10-20
31,Customer 0031,APAC,Mid-Market,2023-09-10
32,Customer 0032,EMEA,SMB,2024-08-21
33,Customer 0033,North America,SMB,2024-01-06
34,Customer 0034,EMEA,SMB,2024-06-05
35,Customer 0035,North America,Enterprise,2023-04-23
36,Customer 0036,EMEA,Enterprise,2024-11-27
37,Customer 0037,EMEA,Mid-Market,2024-01-26
38,Customer 0038,LATAM,SMB,2023-09-15
39,Customer 0039,APAC,Enterprise,2023-01-12
40,Customer 0040,APAC,SMB,2024-07-03
41,Customer 0041,North America,Mid-Market,2023-12-15
42,Customer 0042,North America,SMB,2024-04-09
43,Customer 0043,LATAM,SMB,2023-09-27
44,Customer 0044,LATAM,SMB,2024-06-03
45,Customer 0045,APAC,Mid-Market,2023-11-02
46,Customer 0046,North America,SMB,2023-07-23
47,Customer 0047,LATAM,SMB,2024-07-06
48,Customer 0048,EMEA,Mid-Market,2023-01-01
49,Customer 0049,LATAM,SMB,2023-04-25
50,Customer 0050,North America,Mid-Market,2023-11-11
51,Customer 0051,LATAM,Enterprise,2024-08-03
52,Customer 0052,APAC,SMB,2024-05-12
53,Customer 0053,APAC,Enterprise,2024-06-29
54,Customer 0054,LATAM,Enterprise,2024-05-01
55,Customer 0055,APAC,Mid-Market,2024-06-24
56,Customer 0056,LATAM,SMB,2023-08-05
57,Customer 0057,APAC,Mid-Market,2023-07-25
58,Customer 0058,EMEA,Mid-Market,2024-11-18
59,Customer 0059,EMEA,Mid-Market,2024-06-13
60,Customer 0060,North America,SMB,2023-03-07
61,Customer 0061,EMEA,Enterprise,2023-08-24
62,Customer 0062,North America,Enterprise,2024-10-08
63,Customer 0063,APAC,Enterprise,2023-02-02
64,Customer 0064,North America,Mid-Market,2023-09-01
65,Customer 0065,North America,SMB,2024-07-06
66,Customer 0066,EMEA,Mid-Market,2024-08-07
67,Customer 0067,APAC,Enterprise,2024-04-29
68,Customer 0068,APAC,Mid-Market,2023-04-10
69,Customer 0069,EMEA,SMB,2024-02-25
70,Customer 0070,APAC,SMB,2024-11-20
71,Customer 0071,EMEA,Mid-Market,2023-03-04
72,Customer 0072,North America,Enterprise,2023-04-22
73,Customer 0073,North America,Enterprise,2024-04-04
74,Customer 0074,North America,SMB,2024-04-18
75,Customer 0075,APAC,SMB,2024-03-29
76,Customer 0076,North America,SMB,2023-04-11
77,Customer 0077,LATAM,SMB,2023-01-16
78,Customer 0078,North America,Mid-Market,2023-08-31
79,Customer 0079,APAC,SMB,2023-08-07
80,Customer 0080,EMEA,SMB,2023-06-18
81,Customer 0081,LATAM,SMB,2023-09-29
82,Customer 0082,EMEA,SMB,2023-10-20
83,Customer 0083,APAC,Mid-Market,2024-07-23
84,Customer 0084,North America,SMB,2023-07-14
85,Customer 0085,APAC,Enterprise,2024-08-16
86,Customer 0086,North America,SMB,2023-11-18
87,Customer 0087,LATAM,Mid-Market,2024-05-29
88,Customer 0088,LATAM,Enterprise,2023-02-28
89,Customer 0089,North America,Enterprise,2023-07-10
90,Customer 0090,EMEA,SMB,2023-08-29
91,Customer 0091,North America,SMB,2024-08-06
92,Customer 0092,North America,SMB,2024-09-26
93,Customer 0093,EMEA,SMB,2024-08-01
94,Customer 0094,APAC,Mid-Market,2023-07-29
95,Customer 0095,EMEA,SMB,2023-09-29
96,Customer 0096,EMEA,SMB,2023-11-04
97,Customer 0097,North America,SMB,2023-03-16
98,Customer 0098,LATAM,Enterprise,2024-07-30
99,Customer 0099,EMEA,Enterprise,2023-08-07
100,Customer 0100,APAC,SMB,2023-12-24
101,Customer 0101,North America,Mid-Market,2024-01-14
102,Customer 0102,APAC,SMB,2024-07-10
103,Customer 0103,EMEA,SMB,2024-10-31
104,Customer 0104,North America,SMB,2024-07-21
105,Customer 0105,North America,SMB,2023-05-18
106,Customer 0106,North America,Mid-Market,2024-07-20
107,Customer 0107,APAC,Mid-Market,2023-08-04
108,Customer 0108,APAC,Mid-Market,2024-10-11
109,Customer 0109,LATAM,SMB,2023-09-15
110,Customer 0110,EMEA,SMB,2023-04-05
111,Customer 0111,North America,SMB,2023-02-15
112,Customer 0112,LATAM,Enterprise,2024-10-14
113,Customer 0113,EMEA,Mid-Market,2024-03-28
114,Customer 0114,North America,SMB,2023-01-10
115,Customer 0115,EMEA,SMB,2023-06-02
116,Customer 0116,EMEA,Mid-Market,2024-08-19
117,Customer 0117,North America,SMB,2023-02-12
118,Customer 0118,APAC,Mid-Market,2023-02-10
119,Customer 0119,APAC,Mid-Market,2023-09-13
120,Customer 0120,APAC,Mid-Market,2024-07-27
121,Customer 0121,APAC,SMB,2024-09-27
122,Customer 0122,APAC,SMB,2023-08-31
123,Customer 0123,APAC,Enterprise,2023-07-01
124,Customer 0124,APAC,Mid-Market,2023-12-07
125,Customer 0125,APAC,SMB,2024-11-16
126,Customer 0126,North America,SMB,2023-10-01
127,Customer 0127,APAC,SMB,2024-01-27
128,Customer 0128,North America,SMB,2023-08-16
129,Customer 0129,North America,SMB,2023-12-25
130,Customer 0130,North America,SMB,2023-08-22
131,Customer 0131,North America,SMB,2024-02-13
132,Customer 0132,EMEA,Mid-Market,2023-10-13
133,Customer 0133,LATAM,Mid-Market,2024-11-26
134,Customer 0134,North America,SMB,2023-01-29
135,Customer 0135,EMEA,SMB,2023-07-02
136,Customer 0136,North America,Mid-Market,2023-02-09
137,Customer 0137,EMEA,SMB,2023-11-18
138,Customer 0138,EMEA,SMB,2023-04-29
139,Customer 0139,North America,Mid-Market,2023-09-18
140,Customer 0140,LATAM,Mid-Market,2024-06-16
141,Customer 0141,North America,Mid-Market,2024-11-17
142,Customer 0142,LATAM,SMB,2024-11-11
143,Customer 0143,APAC,SMB,2024-11-10
144,Customer 0144,EMEA,SMB,2023-11-04
145,Customer 0145,EMEA,Mid-Market,2023-12-01
146,Customer 0146,North America,SMB,2023-05-11
147,Customer 0147,APAC,SMB,2024-01-24
148,Customer 0148,EMEA,Mid-Market,2024-09-22
149,Customer 0149,North America,Mid-Market,2023-01-01
150,Customer 0150,EMEA,Mid-Market,2024-08-16
151,Customer 0151,EMEA,Mid-Market,2024-03-28
152,Customer 0152,APAC,SMB,2024-04-29
153,Customer 0153,APAC,Mid-Market,2023-06-23
154,Customer 0154,EMEA,Mid-Market,2024-11-10
155,Customer 0155,APAC,Mid-Market,2023-08-29
156,Customer 0156,North America,Enterprise,2023-07-23
157,Customer 0157,EMEA,SMB,2024-05-01
158,Customer 0158,EMEA,SMB,2024-04-11
159,Customer 0159,APAC,Mid-Market,2023-07-19
160,Customer 0160,North America,SMB,2024-02-14
161,Customer 0161,APAC,SMB,2023-01-06
162,Customer 0162,APAC,Mid-Market,2023-04-20
163,Customer 0163,EMEA,SMB,2024-06-14
164,Customer 0164,EMEA,SMB,2023-05-05
165,Customer 0165,EMEA,SMB,2024-11-14
166,Customer 0166,LATAM,SMB,2023-11-21
167,Customer 0167,APAC,SMB,2024-09-19
168,Customer 0168,APAC,Mid-Market,2024-03-12
169,Customer 0169,APAC,Mid-Market,2023-06-12
170,Customer 0170,APAC,SMB,2023-09-23
171,Customer 0171,APAC,Mid-Market,2023-10-11
172,Customer 0172,North America,Mid-Market,2024-10-03
173,Customer 0173,North America,Mid-Market,2023-10-20
174,Customer 0174,North America,Enterprise,2024-07-07
175,Customer 0175,APAC,SMB,2024-01-28
176,Customer 0176,EMEA,Mid-Market,2023-03-07
177,Customer 0177,EMEA,Mid-Market,2024-04-22
178,Customer 0178,EMEA,SMB,2024-03-06
179,Customer 0179,APAC,SMB,2023-01-21
180,Customer 0180,EMEA,SMB,2024-01-25
181,Customer 0181,APAC,SMB,2023-11-02
182,Customer 0182,EMEA,SMB,2024-03-05
183,Customer 0183,APAC,Mid-Market,2024-09-09
184,Customer 0184,EMEA,Enterprise,2023-10-07
185,Customer 0185,APAC,SMB,2023-12-11
186,Customer 0186,APAC,SMB,2023-06-19
187,Customer 0187,EMEA,SMB,2024-09-29
188,Customer 0188,EMEA,Enterprise,2024-08-29
189,Customer 0189,EMEA,SMB,2024-10-20
190,Customer 0190,North America,Mid-Market,2023-07-06
191,Customer 0191,EMEA,Mid-Market,2023-08-05
192,Customer 0192,North America,SMB,2024-01-24
193,Customer 0193,North America,Enterprise,2024-03-07
194,Customer 0194,APAC,Enterprise,2023-01-20
195,Customer 0195,North America,Enterprise,2023-12-25
196,Customer 0196,North America,Enterprise,2024-10-29
197,Customer 0197,North America,Enterprise,2023-09-11
198,Customer 0198,North America,Mid-Market,2023-06-06
199,Customer 0199,EMEA,Mid-Market,2023-04-28
200,Customer 0200,APAC,Enterprise,2023-09-20
201,Customer 0201,LATAM,SMB,2024-09-13
202,Customer 0202,LATAM,Enterprise,2023-06-17
203,Customer 0203,LATAM,SMB,2023-01-27
204,Customer 0204,EMEA,SMB,2024-01-20
205,Customer 0205,EMEA,SMB,2023-03-19
206,Customer 0206,North America,SMB,2023-09-06
207,Customer 0207,EMEA,Enterprise,2024-12-01
208,Customer 0208,APAC,Mid-Market,2024-08-02
209,Customer 0209,APAC,Enterprise,2024-03-14
210,Customer 0210,North America,SMB,2024-10-25
211,Customer 0211,North America,SMB,2024-05-16
212,Customer 0212,APAC,Mid-Market,2024-10-12
213,Customer 0213,EMEA,SMB,2023-06-06
214,Customer 0214,North America,SMB,2024-10-28
215,Customer 0215,APAC,Mid-Market,2024-07-05
216,Customer 0216,North America,SMB,2024-08-29
217,Customer 0217,North America,Mid-Market,2023-03-30
218,Customer 0218,EMEA,SMB,2024-04-20
219,Customer 0219,North America,SMB,2023-12-11
220,Customer 0220,EMEA,Mid-Market,2023-07-06
